"label","image","item-count","item-key"
"tools_cards-caleb_1.png","https://oscarechobravo.github.io/mealdealv1_cards/cards-caleb/tools/tools_cards-caleb_1.png","0","tools_cards-caleb_1.png"
"tools_cards-caleb_2.png","https://oscarechobravo.github.io/mealdealv1_cards/cards-caleb/tools/tools_cards-caleb_2.png","0","tools_cards-caleb_2.png"
"tools_cards-caleb_3.png","https://oscarechobravo.github.io/mealdealv1_cards/cards-caleb/tools/tools_cards-caleb_3.png","0","tools_cards-caleb_3.png"
"tools_cards-caleb_4.png","https://oscarechobravo.github.io/mealdealv1_cards/cards-caleb/tools/tools_cards-caleb_4.png","0","tools_cards-caleb_4.png"
"tools_cards-caleb_5.png","https://oscarechobravo.github.io/mealdealv1_cards/cards-caleb/tools/tools_cards-caleb_5.png","0","tools_cards-caleb_5.png"
"tools_cards-caleb_6.png","https://oscarechobravo.github.io/mealdealv1_cards/cards-caleb/tools/tools_cards-caleb_6.png","0","tools_cards-caleb_6.png"
"tools_cards-caleb_7.png","https://oscarechobravo.github.io/mealdealv1_cards/cards-caleb/tools/tools_cards-caleb_7.png","0","tools_cards-caleb_7.png"
"tools_cards-caleb_8.png","https://oscarechobravo.github.io/mealdealv1_cards/cards-caleb/tools/tools_cards-caleb_8.png","0","tools_cards-caleb_8.png"
"tools_cards-caleb_9.png","https://oscarechobravo.github.io/mealdealv1_cards/cards-caleb/tools/tools_cards-caleb_9.png","0","tools_cards-caleb_9.png"
"tools_cards-caleb_10.png","https://oscarechobravo.github.io/mealdealv1_cards/cards-caleb/tools/tools_cards-caleb_10.png","0","tools_cards-caleb_10.png"
"tools_cards-caleb_11.png","https://oscarechobravo.github.io/mealdealv1_cards/cards-caleb/tools/tools_cards-caleb_11.png","0","tools_cards-caleb_11.png"
"tools_cards-caleb_12.png","https://oscarechobravo.github.io/mealdealv1_cards/cards-caleb/tools/tools_cards-caleb_12.png","0","tools_cards-caleb_12.png"
"tools_cards-caleb_13.png","https://oscarechobravo.github.io/mealdealv1_cards/cards-caleb/tools/tools_cards-caleb_13.png","0","tools_cards-caleb_13.png"
"tools_cards-caleb_14.png","https://oscarechobravo.github.io/mealdealv1_cards/cards-caleb/tools/tools_cards-caleb_14.png","0","tools_cards-caleb_14.png"
"tools_cards-caleb_15.png","https://oscarechobravo.github.io/mealdealv1_cards/cards-caleb/tools/tools_cards-caleb_15.png","0","tools_cards-caleb_15.png"
"tools_cards-caleb_16.png","https://oscarechobravo.github.io/mealdealv1_cards/cards-caleb/tools/tools_cards-caleb_16.png","0","tools_cards-caleb_16.png"
"tools_cards-caleb_17.png","https://oscarechobravo.github.io/mealdealv1_cards/cards-caleb/tools/tools_cards-caleb_17.png","0","tools_cards-caleb_17.png"
"tools_cards-caleb_18.png","https://oscarechobravo.github.io/mealdealv1_cards/cards-caleb/tools/tools_cards-caleb_18.png","0","tools_cards-caleb_18.png"
"tools_cards-caleb_19.png","https://oscarechobravo.github.io/mealdealv1_cards/cards-caleb/tools/tools_cards-caleb_19.png","0","tools_cards-caleb_19.png"
"tools_cards-caleb_20.png","https://oscarechobravo.github.io/mealdealv1_cards/cards-caleb/tools/tools_cards-caleb_20.png","0","tools_cards-caleb_20.png"
"tools_cards-caleb_21.png","https://oscarechobravo.github.io/mealdealv1_cards/cards-caleb/tools/tools_cards-caleb_21.png","0","tools_cards-caleb_21.png"
"tools_cards-caleb_22.png","https://oscarechobravo.github.io/mealdealv1_cards/cards-caleb/tools/tools_cards-caleb_22.png","0","tools_cards-caleb_22.png"
"tools_cards-caleb_23.png","https://oscarechobravo.github.io/mealdealv1_cards/cards-caleb/tools/tools_cards-caleb_23.png","0","tools_cards-caleb_23.png"
"tools_cards-caleb_24.png","https://oscarechobravo.github.io/mealdealv1_cards/cards-caleb/tools/tools_cards-caleb_24.png","0","tools_cards-caleb_24.png"
"tools_cards-caleb_25.png","https://oscarechobravo.github.io/mealdealv1_cards/cards-caleb/tools/tools_cards-caleb_25.png","0","tools_cards-caleb_25.png"
"tools_cards-caleb_26.png","https://oscarechobravo.github.io/mealdealv1_cards/cards-caleb/tools/tools_cards-caleb_26.png","0","tools_cards-caleb_26.png"
"tools_cards-caleb_27.png","https://oscarechobravo.github.io/mealdealv1_cards/cards-caleb/tools/tools_cards-caleb_27.png","0","tools_cards-caleb_27.png"
"tools_cards-caleb_28.png","https://oscarechobravo.github.io/mealdealv1_cards/cards-caleb/tools/tools_cards-caleb_28.png","0","tools_cards-caleb_28.png"
"tools_cards-caleb_29.png","https://oscarechobravo.github.io/mealdealv1_cards/cards-caleb/tools/tools_cards-caleb_29.png","0","tools_cards-caleb_29.png"
"tools_cards-caleb_30.png","https://oscarechobravo.github.io/mealdealv1_cards/cards-caleb/tools/tools_cards-caleb_30.png","0","tools_cards-caleb_30.png"
"tools_cards-caleb_31.png","https://oscarechobravo.github.io/mealdealv1_cards/cards-caleb/tools/tools_cards-caleb_31.png","0","tools_cards-caleb_31.png"
"tools_cards-caleb_32.png","https://oscarechobravo.github.io/mealdealv1_cards/cards-caleb/tools/tools_cards-caleb_32.png","0","tools_cards-caleb_32.png"
